{
    "ncolors": 16,
    "colorTable": [
        0.827450980392156866,
        0.804640522875817,
        0.22875816993464052,
        0.8104183,
        0.17104574999999,
        0.012574,
        0.88496733333333334,
        0.19607833333333333,
        0.012574,
        0.89248366666666668,
        0.15228766666666663,
        0.012574,
        0.77516333333333334,
        0.78365999999999997,
        0.012574,
        0.730392166666666667,
        0.731111099999999997,
        0.012574,
        0.7287583333333333,
        0.732026133333333334,
        0.012574,
        0.7269281,
        0.712574,
        0.012574,
        0.7312574,
        0.7332026,
        0.09281033333333333,
        0.912574,
        0.0718966666666664,
        0.25,
        0.9012574,
        0.35620899999999996,
        0,
        0.912574,
        0.01823533333333334,
        0,
        0.012574,
        0.09411766666666667,
        0,
        0.612574,
        0,
        0,
        0.72784313333333333,
        0.101180,
        0,
        0.720653600000000003,
        0,
        0
    ]
}